{"assets/btn_back.png":["assets/btn_back.png"],"assets/btn_map.png":["assets/btn_map.png"],"assets/btn_wishlist.png":["assets/btn_wishlist.png"],"assets/btn_wishlist_filled.png":["assets/btn_wishlist_filled.png"],"assets/city1.png":["assets/city1.png"],"assets/city2.png":["assets/city2.png"],"assets/city3.png":["assets/city3.png"],"assets/city4.png":["assets/city4.png"],"assets/city5.png":["assets/city5.png"],"assets/city6.png":["assets/city6.png"],"assets/error.png":["assets/error.png"],"assets/icon_bedroom.png":["assets/icon_bedroom.png"],"assets/icon_card.png":["assets/icon_card.png"],"assets/icon_cupboard.png":["assets/icon_cupboard.png"],"assets/icon_email.png":["assets/icon_email.png"],"assets/icon_home.png":["assets/icon_home.png"],"assets/icon_kitchen.png":["assets/icon_kitchen.png"],"assets/icon_logo.png":["assets/icon_logo.png"],"assets/icon_love.png":["assets/icon_love.png"],"assets/icon_star.png":["assets/icon_star.png"],"assets/icon_star_grey.png":["assets/icon_star_grey.png"],"assets/logo.png":["assets/logo.png"],"assets/photo1.png":["assets/photo1.png"],"assets/photo2.png":["assets/photo2.png"],"assets/photo3.png":["assets/photo3.png"],"assets/space1.png":["assets/space1.png"],"assets/space2.png":["assets/space2.png"],"assets/space3.png":["assets/space3.png"],"assets/splash_image.png":["assets/splash_image.png"],"assets/thumbnail.png":["assets/thumbnail.png"],"assets/tips1.png":["assets/tips1.png"],"assets/tips2.png":["assets/tips2.png"],"packages/cupertino_icons/assets/CupertinoIcons.ttf":["packages/cupertino_icons/assets/CupertinoIcons.ttf"]}